id,account_id,price,title,image0,description,gender,street,number,postcode,city
1,1,24.99,Haibaike big curve,./img/offer_1.jpg,Short description of this bike which should be at most this size 3-4 rows,m,Breitkopfstrasse,75,13409,Berlin
2,1,24.99,Haibaike big curve,./img/offer_2.jpg,Short description of this bike which should be at most this size 3-4 rows,w,Kastanienallee,23,13158,Berlin
3,1,24.99,Haibaike big curve,./img/offer_3.jpg,Short description of this bike which should be at most this size 3-4 rows,w,Kastanienallee,23,13158,Berlin
4,1,24.99,Haibaike big curve,./img/offer_4.jpg,Short description of this bike which should be at most this size 3-4 rows,m,Kastanienallee,23,13158,Berlin
5,1,24.99,Haibaike big curve,./img/offer_1.jpg,Short description of this bike which should be at most this size 3-4 rows,m,Kastanienallee,23,13158,Berlin
6,1,24.99,Haibaike big curve,./img/offer_2.jpg,Short description of this bike which should be at most this size 3-4 rows,m,Kastanienallee,23,12222,Berlin
7,1,24.99,Haibaike big curve,./img/offer_3.jpg,Short description of this bike which should be at most this size 3-4 rows,w,Kastanienallee,23,21111,Hamburg
8,1,24.99,Haibaike big curve,./img/offer_1.jpg,Short description of this bike which should be at most this size 3-4 rows,m,Breitkopfstrasse,75,13409,Berlin
9,1,24.99,Haibaike big curve,./img/offer_2.jpg,Short description of this bike which should be at most this size 3-4 rows,w,Kastanienallee,23,13158,Berlin
10,1,24.99,Haibaike big curve,./img/offer_3.jpg,Short description of this bike which should be at most this size 3-4 rows,w,Kastanienallee,23,13158,Berlin
11,1,24.99,Haibaike big curve,./img/offer_4.jpg,Short description of this bike which should be at most this size 3-4 rows,m,Kastanienallee,23,13158,Berlin
12,1,24.99,Haibaike big curve,./img/offer_1.jpg,Short description of this bike which should be at most this size 3-4 rows,m,Kastanienallee,23,13158,Berlin
13,1,24.99,Haibaike big curve,./img/offer_2.jpg,Short description of this bike which should be at most this size 3-4 rows,m,Kastanienallee,23,12222,Berlin
14,1,24.99,Haibaike big curve,./img/offer_3.jpg,Short description of this bike which should be at most this size 3-4 rows,w,Kastanienallee,23,21111,Hamburg
15,1,24.99,Haibaike big curve,./img/offer_1.jpg,Short description of this bike which should be at most this size 3-4 rows,m,Breitkopfstrasse,75,13409,Berlin
16,1,24.99,Haibaike big curve,./img/offer_2.jpg,Short description of this bike which should be at most this size 3-4 rows,w,Kastanienallee,23,13158,Berlin
17,1,24.99,Haibaike big curve,./img/offer_3.jpg,Short description of this bike which should be at most this size 3-4 rows,w,Kastanienallee,23,13158,Berlin
18,1,24.99,Haibaike big curve,./img/offer_4.jpg,Short description of this bike which should be at most this size 3-4 rows,m,Kastanienallee,23,13158,Berlin
19,1,24.99,Haibaike big curve,./img/offer_1.jpg,Short description of this bike which should be at most this size 3-4 rows,m,Kastanienallee,23,13158,Berlin
20,1,24.99,Haibaike big curve,./img/offer_2.jpg,Short description of this bike which should be at most this size 3-4 rows,m,Kastanienallee,23,12222,Berlin
21,1,24.99,Haibaike big curve,./img/offer_3.jpg,Short description of this bike which should be at most this size 3-4 rows,w,Kastanienallee,23,21111,Hamburg
22,1,24.99,Haibaike big curve,./img/offer_3.jpg,Short description of this bike which should be at most this size 3-4 rows,w,Kastanienallee,23,21111,Hamburg